title,permalink
Aerospace Laboratory,/texts/buildings/001day-aerospace-lab/
Agricultural Engineering Garage,/texts/buildings/002day-agricultural-eng-garage/
Agricultural Engineering Machine Shed,/texts/buildings/003day-agricultural-eng-shed/
Agricultural Engineering Shop and Shed,/texts/buildings/004day-agricultural-eng-shop/
Agronomy Farm Crops Laboratory,/texts/buildings/005day-agronomy-crop-lab/
Agronomy Greenhouse,/texts/buildings/006day-agronomy-greenhouse/
Agronomy Hall,/texts/buildings/007day-agronomy-hall/
Agronomy Laboratory,/texts/buildings/008day-agronomy-lab/
Alumni Hall,/texts/buildings/009day-alumni-hall/
Ames Laboratory Service Buildings,/texts/buildings/010day-ames-lab-service/
Ames Laboratory Service Buildings,/texts/buildings/011day-ames-lab-reactor/
Andrews-Richards House,/texts/buildings/012day-andrews-richards-house/
Apiary,/texts/buildings/013day-apiary/
Armory,/texts/buildings/014day-armory/
Barton Hall,/texts/buildings/015day-barton-hall/
Beach House,/texts/buildings/016day-beach-house/
Beardshear Hall,/texts/buildings/017day-beardshear-hall/
Bessey Hall,/texts/buildings/018day-bessey-hall/
Bevier House,/texts/buildings/019day-bevier-house/
Beyer Hall,/texts/buildings/020day-beyer-hall/
Beyer House,/texts/buildings/021day-beyer-house/
Birch Hall,/texts/buildings/022day-birch-hall/
Boarding Cottage (East),/texts/buildings/023day-boarding-east/
Boarding Cottage (West),/texts/buildings/024day-boarding-west/
Boiler House,/texts/buildings/025day-boiler-house/
"Botany Greenhouse, Forestry Greenhouse",/texts/buildings/026day-botany-forestry-greenhouse/
Botany Hall,/texts/buildings/027day-botany-hall/
Buchanan Hall,/texts/buildings/028day-buchanan-hall/
Building 'A',/texts/buildings/029day-building-a/
Building 'B',/texts/buildings/030day-building-b/
Campanile,/texts/buildings/031day-campanile/
Carpenter Shop,/texts/buildings/032day-carpenter-shop/
Car Pool Office Building,/texts/buildings/033day-carpool-office/
Carver Hall,/texts/buildings/034day-carver-hall/
Cattle Barn (First),/texts/buildings/035day-cattle-barn-first/
Cattle Barn,/texts/buildings/036day-cattle-barn/
Central Station,/texts/buildings/037day-central-station/
Chemical and Physical Laboratory,/texts/buildings/038day-chemical-physical-lab/
Child Development Building,/texts/buildings/039day-child-devel-building/
Coal Houses,/texts/buildings/040day-coal-houses/
Coburn House,/texts/buildings/041day-coburn-house/
College of Design,/texts/buildings/042day-college-design/
Communications Building,/texts/buildings/043day-communications/
Computer Science,/texts/buildings/044day-computer-science/
Coover Hall,/texts/buildings/045day-coover-hall/
Corn Cribs,/texts/buildings/046day-corn-cribs/
Cottages,/texts/buildings/047day-cottages/
Creamery (First),/texts/buildings/048day-creamery-first/
Creamery (Second),/texts/buildings/049day-creamery-second/
Curtiss Hall,/texts/buildings/050day-curtiss-hall/
Dairy Industry Building,/texts/buildings/051day-dairy-industry/
Davidson Hall,/texts/buildings/052day-davidson-hall/
Driver Training Laboratory,/texts/buildings/053day-driver-training-lab/
Driver Training Storage,/texts/buildings/054day-driving-training-storage/
Duplex,/texts/buildings/055day-duplex/
East Hall,/texts/buildings/056day-east-hall/
East Hall Addition,/texts/buildings/057day-east-hall-addition/
Eastwood Cottage,/texts/buildings/058day-eastwood-cottage/
Electric and Paint Shop,/texts/buildings/059day-electric-paint-shop/
Emergency Hall,/texts/buildings/060day-emergency-hall/
Engineering Annex,/texts/buildings/061day-engineering-annex/
Engineering Research Institute,/texts/buildings/062day-engineering-research-inst/
Engineer's Cottage,/texts/buildings/063day-engineers-cottage/
English Office Building,/texts/buildings/064day-english-office/
Exhibit Hall,/texts/buildings/065day-exhibit-hall/
Experimental Barn,/texts/buildings/066day-experimental-barn/
Experiment Station Barn,/texts/buildings/067day-experiment-station-barn/
Fair Oaks Mansion,/texts/buildings/068day-fair-oaks-mansion/
Farm Boarding Club,/texts/buildings/069day-farm-boarding-club/
The Farm House,/texts/buildings/070day-farm-house/
Farm Laborer's Cottage,/texts/buildings/071day-farm-laborers-cottage/
Feeding Barn,/texts/buildings/072day-feeding-barn/
Feeding Sheds,/texts/buildings/073day-feeding-sheds/
Feed Storage Elevator,/texts/buildings/074day-feed-storage-elevator/
Fick Observatory,/texts/buildings/075day-fick-observatory/
Field House - Physical Education for Women,/texts/buildings/076day-field-house/
Film Storage,/texts/buildings/077day-film-storage/
Firemanship Training Building,/texts/buildings/078day-firemanship-training/
Fisher Theater,/texts/buildings/079day-fisher-theater/
Food Technology Laboratory,/texts/buildings/080day-food-tech-lab/
Forage Shed,/texts/buildings/081day-forage-shed/
Four-Apartment House,/texts/buildings/082day-four-apartment-house/
Freeman Hall,/texts/buildings/083day-freeman-hall/
Friley Hall,/texts/buildings/084day-friley-hall/
Fruit Storage Shed,/texts/buildings/085day-fruit-storage-shed/
The Gables,/texts/buildings/086day-gables/
Genetics Laboratory,/texts/buildings/087day-genetics-lab/
Genetics and Plant Pathology Greenhouse,/texts/buildings/088day-genetics-plant-pathology-greenhouse/
Gilman Hall,/texts/buildings/089day-gilman-hall/
Golf Club House,/texts/buildings/090day-golf-club-house/
Greenhouse,/texts/buildings/091day-greenhouse/
Greenhouse,/texts/buildings/092day-greenhouse-exp-station/
Greenhouse,/texts/buildings/093day-greenhouse-hort-lab/
Grounds Cottage,/texts/buildings/094day-grounds-cottage/
Grounds Shop,/texts/buildings/095day-grounds-shop/
Gun Shed,/texts/buildings/096day-gun-shed/
Gymnasium,/texts/buildings/097day-gymnasium/
Hawthorn Court,/texts/buildings/098day-hawthorn-court/
Helser Hall,/texts/buildings/099day-helser-hall/
Herdsman's Cottage,/texts/buildings/100day-herdsmans-cottage/
Hilton Coliseum,/texts/buildings/101day-hilton-coliseum/
Hog Barn and Pavilion,/texts/buildings/102day-hog-barn-pavilion/
Hog Houses,/texts/buildings/103day-hog-houses/
Horse Barn (First),/texts/buildings/104day-horse-barn-first/
Horse Barn,/texts/buildings/105day-horse-barn/
Horse Barn at Service Area,/texts/buildings/106day-horse-barn-service/
Horticulture Barn (First),/texts/buildings/107day-horticulture-barn-first/
Horticulture Barn,/texts/buildings/108day-horticulture-barn/
Horticulture Cottage,/texts/buildings/109day-horticulture-cottage/
Horticulture Gardens Building,/texts/buildings/110day-horticulture-gardens/
Horticulture Hall and Greenhouse,/texts/buildings/111day-horticulture-hall-greenhouse/
Horticulture Lab (Old),/texts/buildings/112day-horticulture-lab-old/
The Hub,/texts/buildings/113day-hub/
Industrial Education,/texts/buildings/114day-industrial-education/
Insectary (First),/texts/buildings/115day-insectary-first/
Insectary and Greenhouse,/texts/buildings/116day-insectary-greenhouse/
ISU Press Building,/texts/buildings/117day-isu-press/
Judging Pavilion,/texts/buildings/118day-judging-pavilion/
Kildee Cottage,/texts/buildings/119day-kildee-cottage/
Kildee Hall and Lush Auditorium,/texts/buildings/120day-kildee-hall-lush-auditorium/
Knapp and Storms Halls and Commons,/texts/buildings/121day-knapp-storms/
The Knoll,/texts/buildings/122day-knoll/
Laboratory of Mechanics,/texts/buildings/123day-lab-mechanics/
Landscape Architecture,/texts/buildings/124day-landscape-architecture/
Library,/texts/buildings/125day-library/
Library Storage Building,/texts/buildings/126day-library-storage/
Lincoln Way Cottage,/texts/buildings/127day-lincoln-way-cottage/
Linden Hall,/texts/buildings/128day-linden-hall/
Lyon Hall,/texts/buildings/129day-lyon-hall/
Machinery and Storage Shed,/texts/buildings/130day-machinery-storage-shed/
"Mac Kay Hall and Lebaron Hall",/texts/buildings/131day-mackay-lebaron-hall/
Main Building,/texts/buildings/132day-main/
"Maple, Willow and Larch Halls and Commons",/texts/buildings/133day-maple-willow-larch-halls/
Margaret Hall,/texts/buildings/134day-margaret-hall/
Marston Cottage,/texts/buildings/135day-marston-cottage/
Marston Hall,/texts/buildings/136day-marston-hall/
Meat Laboratory,/texts/buildings/137day-meat-lab/
Meats Laboratory,/texts/buildings/138day-meats-lab/
Mechanical Engineering Laboratory,/texts/buildings/139day-mechanical-engineering-lab/
Memorial Union,/texts/buildings/140day-memorial-union/
Metallurgy Building,/texts/buildings/141day-metallurgy/
Metals Development Building,/texts/buildings/142day-metals-development/
Military Garage,/texts/buildings/143day-military-garage/
Military Powder Magazines,/texts/buildings/144day-military-powder-magazines/
Military Stables (Frame),/texts/buildings/145day-military-stables/
Morrill Hall,/texts/buildings/146day-morrill-hall/
Mortensen Cottage,/texts/buildings/147day-mortensen-cottage/
Music Building,/texts/buildings/148day-music-building/
Music Hall,/texts/buildings/149day-music-hall/
Naval Armory,/texts/buildings/150day-naval-armory/
Nickell - Fisher House,/texts/buildings/151day-nickell-fisher-house/
North Hall,/texts/buildings/152day-north-hall/
North Studio,/texts/buildings/153day-north-studio/
Norton House,/texts/buildings/154day-norton-house/
Nuclear Engineering Laboratory,/texts/buildings/155day-nuclear-engineering-lab/
Oak-Elm Halls,/texts/buildings/156day-oak-elm-halls/
Oak-Elm Lodges & Dining Room,/texts/buildings/157day-oak-elm-lodges-dining/
Office and Laboratory Building,/texts/buildings/158day-office-lab/
Olsen Building,/texts/buildings/159da-olsen/
Osborn Cottage,/texts/buildings/160day-osborn-cottage/
Pammel Court,/texts/buildings/161day-pammel-court/
Parking Ramp at Memorial Union,/texts/buildings/162day-parking-ramp-mu/
Pearson Hall,/texts/buildings/163day-pearson-hall/
Physical Education Building,/texts/buildings/164day-physical-education/
Physical Plant Shops and Central Stores,/texts/buildings/165day-physical-plant-shops/
Physical Plant Storage Shed,/texts/buildings/166day-physical-plant-storage/
Physics Hall,/texts/buildings/167day-physics-hall/
Plant Introduction Greenhouse,/texts/buildings/168day-plant-intro-greenhouse/
Plumbing Shop,/texts/buildings/169day-plumbing-shop/
Pope Cottage,/texts/buildings/170day-pope-cottage/
Poultry Houses,/texts/buildings/171day-poultry-houses/
Power and Heating Plant,/texts/buildings/172day-power-heating-plant/
Power Station,/texts/buildings/173day-power-station/
President's Barn,/texts/buildings/174day-presidents-barn/
Printing Building,/texts/buildings/175day-printing/
Pump House,/texts/buildings/176day-pump-house/
Purchasing Warehouse,/texts/buildings/177day-purchasing-warehouse/
Quadrangle,/texts/buildings/178day-quadrangle/
Quadrangle - North,/texts/buildings/179day-quadrangle-north/
Rendering Plant,/texts/buildings/180day-rendering-plant/
Research Reactor,/texts/buildings/181day-research-reactor/
Ridgeway House,/texts/buildings/182day-ridgeway-house/
Roberts Hall,/texts/buildings/183day-roberts-hall/
Ross Hall,/texts/buildings/184day-ross-hall/
Ruminant Nutrition Laboratory,/texts/buildings/185day-ruminant-nutrition-lab/
Safford House,/texts/buildings/186day-safford-cottage/
Sanitary Building,/texts/buildings/187dy-sanitary/
Scheman Continuing Education Building,/texts/buildings/188day-scheman-cont-ed/
Schilletter Village,/texts/buildings/189day-schilletter-village/
Science Hall,/texts/buildings/190day-science-hall/
Science Hall Addition #2,/texts/buildings/191day-science-hall-addition/
Seed Processing Plant,/texts/buildings/192day-seed-processing-plant/
Seed Science Building,/texts/buildings/193day-seed-science/
Serum Plant,/texts/buildings/194day-serum-plant/
Sheep Barn,/texts/buildings/195day-sheep-barn/
Sheep Barns and Sheds,/texts/buildings/196day-sheep-barns-sheds/
Silos,/texts/buildings/197day-silos/
Sloss House,/texts/buildings/198day-sloss-house/
Snedecor Hall,/texts/buildings/199day-snedecor-hall/
Soil Testing Laboratory,/texts/buildings/200day-soil-testing-lab/
South Hall,/texts/buildings/201day-south-hall/
South Studio,/texts/buildings/202day-south-studio/
Spedding Hall,/texts/buildings/203day-spedding-hall/
Stadium,/texts/buildings/204day-stadium-clyde-williams/
Stadium,/texts/buildings/205day-stadium-south/
State Gymnasium,/texts/buildings/206day-state-gym/
C.Y. Stephens Auditorium,/texts/buildings/207day-cy-stephens-auditorium/
Student Services Building,/texts/buildings/208day-student-services/
Sweeney Hall,/texts/buildings/209day-sweeney-hall/
Synchrotron Building,/texts/buildings/210day-synchrotron/
Teamster's Cottage #2,/texts/buildings/211day-teamsters-cottage/
"'Temporary Buildings ""C"" thru ""S""'",/texts/buildings/212day-temp-buildings/
Theater - Workshop,/texts/buildings/213day-theater-workshop/
Town Engineering Building,/texts/buildings/214day-town-engineering/
Training Shed,/texts/buildings/215day-training-shed/
University Village,/texts/buildings/216day-university-village/
Veterinary Barn,/texts/buildings/217day-veterinary-barn/
Veterinary Clinic,/texts/buildings/218day-veterinary-clinic/
Veterinary Hospital,/texts/buildings/219day-veterinary-hospital/
Veterinary Medicine Facilities,/texts/buildings/220day-veterinary-medicine-facilities/
Veterinary Obstetrics Laboratory,/texts/buildings/221day-veterinary-obstetrics-lab/
Veterinary Surgery,/texts/buildings/222day-veterinary-surgery/
Veterinary Physiology Research Laboratory,/texts/buildings/223day-veterinary-physiology=research-lab/
"Wallace Hall, Wilson Hall and Commons",/texts/buildings/224day-wallace-wilson-hall/
Welch Hall,/texts/buildings/225day-welch-hall/
Westgate Hall,/texts/buildings/226day-westgate-hall/
Georgia White House,/texts/buildings/227day-georgia-white-house/
Workshop,/texts/buildings/228day-workshop/
